name,description,priceCents,stock,images
"T-shirt Noir","Coton bio, coupe droite, col rond. Un basique du quotidien, lavable à 30 °.",1999,40,https://images.unsplash.com/photo-1521572163474-6864f9cf17ab?auto=format&fit=crop&w=800&h=800&q=70|https://images.unsplash.com/photo-1583743814966-8936f5b7be1a?auto=format&fit=crop&w=800&h=800&q=70|https://images.unsplash.com/photo-1571945153237-4929e783af4a?auto=format&fit=crop&w=800&h=800&q=70|https://images.unsplash.com/photo-1503342217505-b0a15ec3261c?auto=format&fit=crop&w=800&h=800&q=70|https://images.unsplash.com/photo-1512436991641-6745cdb1723f?auto=format&fit=crop&w=800&h=800&q=70
"T-shirt Blanc","Coton bio, coupe droite, col rond. Un basique du quotidien, lavable à 30 °.",1999,40,https://images.unsplash.com/photo-1583743814966-8936f5b7be1a?auto=format&fit=crop&w=800&h=800&q=70|https://images.unsplash.com/photo-1571945153237-4929e783af4a?auto=format&fit=crop&w=800&h=800&q=70|https://images.unsplash.com/photo-1503342217505-b0a15ec3261c?auto=format&fit=crop&w=800&h=800&q=70|https://images.unsplash.com/photo-1512436991641-6745cdb1723f?auto=format&fit=crop&w=800&h=800&q=70|https://images.unsplash.com/photo-1523381210434-271e8be1f52b?auto=format&fit=crop&w=800&h=800&q=70
"T-shirt Marine","Coton bio, coupe droite, col rond. Un basique du quotidien, lavable à 30 °.",1999,40,https://images.unsplash.com/photo-1571945153237-4929e783af4a?auto=format&fit=crop&w=800&h=800&q=70|https://images.unsplash.com/photo-1503342217505-b0a15ec3261c?auto=format&fit=crop&w=800&h=800&q=70|https://images.unsplash.com/photo-1512436991641-6745cdb1723f?auto=format&fit=crop&w=800&h=800&q=70|https://images.unsplash.com/photo-1523381210434-271e8be1f52b?auto=format&fit=crop&w=800&h=800&q=70|https://images.unsplash.com/photo-1525507119028-ed4c629a60a3?auto=format&fit=crop&w=800&h=800&q=70
"T-shirt Rouge","Coton bio, coupe droite, col rond. Un basique du quotidien, lavable à 30 °.",1999,40,https://images.unsplash.com/photo-1503342217505-b0a15ec3261c?auto=format&fit=crop&w=800&h=800&q=70|https://images.unsplash.com/photo-1512436991641-6745cdb1723f?auto=format&fit=crop&w=800&h=800&q=70|https://images.unsplash.com/photo-1523381210434-271e8be1f52b?auto=format&fit=crop&w=800&h=800&q=70|https://images.unsplash.com/photo-1525507119028-ed4c629a60a3?auto=format&fit=crop&w=800&h=800&q=70|https://images.unsplash.com/photo-1529374255404-311a2a4f1fd9?auto=format&fit=crop&w=800&h=800&q=70
"T-shirt Sauge","Coton bio, coupe droite, col rond. Un basique du quotidien, lavable à 30 °.",1999,40,https://images.unsplash.com/photo-1512436991641-6745cdb1723f?auto=format&fit=crop&w=800&h=800&q=70|https://images.unsplash.com/photo-1523381210434-271e8be1f52b?auto=format&fit=crop&w=800&h=800&q=70|https://images.unsplash.com/photo-1525507119028-ed4c629a60a3?auto=format&fit=crop&w=800&h=800&q=70|https://images.unsplash.com/photo-1529374255404-311a2a4f1fd9?auto=format&fit=crop&w=800&h=800&q=70|https://images.unsplash.com/photo-1532453288672-3a27e9be9efd?auto=format&fit=crop&w=800&h=800&q=70
"T-shirt Sable","Coton bio, coupe droite, col rond. Un basique du quotidien, lavable à 30 °.",1999,40,https://images.unsplash.com/photo-1523381210434-271e8be1f52b?auto=format&fit=crop&w=800&h=800&q=70|https://images.unsplash.com/photo-1525507119028-ed4c629a60a3?auto=format&fit=crop&w=800&h=800&q=70|https://images.unsplash.com/photo-1529374255404-311a2a4f1fd9?auto=format&fit=crop&w=800&h=800&q=70|https://images.unsplash.com/photo-1532453288672-3a27e9be9efd?auto=format&fit=crop&w=800&h=800&q=70|https://images.unsplash.com/photo-1551488831-00ddcb6c6bd3?auto=format&fit=crop&w=800&h=800&q=70
"T-shirt Lavande","Coton bio, coupe droite, col rond. Un basique du quotidien, lavable à 30 °.",1999,40,https://images.unsplash.com/photo-1525507119028-ed4c629a60a3?auto=format&fit=crop&w=800&h=800&q=70|https://images.unsplash.com/photo-1529374255404-311a2a4f1fd9?auto=format&fit=crop&w=800&h=800&q=70|https://images.unsplash.com/photo-1532453288672-3a27e9be9efd?auto=format&fit=crop&w=800&h=800&q=70|https://images.unsplash.com/photo-1551488831-00ddcb6c6bd3?auto=format&fit=crop&w=800&h=800&q=70|https://images.unsplash.com/photo-1554568218-0f1715e72254?auto=format&fit=crop&w=800&h=800&q=70
"T-shirt Graphite","Coton bio, coupe droite, col rond. Un basique du quotidien, lavable à 30 °.",1999,40,https://images.unsplash.com/photo-1529374255404-311a2a4f1fd9?auto=format&fit=crop&w=800&h=800&q=70|https://images.unsplash.com/photo-1532453288672-3a27e9be9efd?auto=format&fit=crop&w=800&h=800&q=70|https://images.unsplash.com/photo-1551488831-00ddcb6c6bd3?auto=format&fit=crop&w=800&h=800&q=70|https://images.unsplash.com/photo-1554568218-0f1715e72254?auto=format&fit=crop&w=800&h=800&q=70|https://images.unsplash.com/photo-1581655353564-df123a1eb820?auto=format&fit=crop&w=800&h=800&q=70
"T-shirt Ciel","Coton bio, coupe droite, col rond. Un basique du quotidien, lavable à 30 °.",1999,40,https://images.unsplash.com/photo-1532453288672-3a27e9be9efd?auto=format&fit=crop&w=800&h=800&q=70|https://images.unsplash.com/photo-1551488831-00ddcb6c6bd3?auto=format&fit=crop&w=800&h=800&q=70|https://images.unsplash.com/photo-1554568218-0f1715e72254?auto=format&fit=crop&w=800&h=800&q=70|https://images.unsplash.com/photo-1581655353564-df123a1eb820?auto=format&fit=crop&w=800&h=800&q=70|https://images.unsplash.com/photo-1586790170083-2f9ceadc732d?auto=format&fit=crop&w=800&h=800&q=70
"T-shirt Bordeaux","Coton bio, coupe droite, col rond. Un basique du quotidien, lavable à 30 °.",1999,40,https://images.unsplash.com/photo-1551488831-00ddcb6c6bd3?auto=format&fit=crop&w=800&h=800&q=70|https://images.unsplash.com/photo-1554568218-0f1715e72254?auto=format&fit=crop&w=800&h=800&q=70|https://images.unsplash.com/photo-1581655353564-df123a1eb820?auto=format&fit=crop&w=800&h=800&q=70|https://images.unsplash.com/photo-1586790170083-2f9ceadc732d?auto=format&fit=crop&w=800&h=800&q=70|https://images.unsplash.com/photo-1596755094514-f87e34085b2c?auto=format&fit=crop&w=800&h=800&q=70
"T-shirt Moutarde","Coton bio, coupe droite, col rond. Un basique du quotidien, lavable à 30 °.",1999,40,https://images.unsplash.com/photo-1554568218-0f1715e72254?auto=format&fit=crop&w=800&h=800&q=70|https://images.unsplash.com/photo-1581655353564-df123a1eb820?auto=format&fit=crop&w=800&h=800&q=70|https://images.unsplash.com/photo-1586790170083-2f9ceadc732d?auto=format&fit=crop&w=800&h=800&q=70|https://images.unsplash.com/photo-1596755094514-f87e34085b2c?auto=format&fit=crop&w=800&h=800&q=70|https://images.unsplash.com/photo-1603252109303-2751441dd157?auto=format&fit=crop&w=800&h=800&q=70
"T-shirt Olive","Coton bio, coupe droite, col rond. Un basique du quotidien, lavable à 30 °.",1999,40,https://images.unsplash.com/photo-1581655353564-df123a1eb820?auto=format&fit=crop&w=800&h=800&q=70|https://images.unsplash.com/photo-1586790170083-2f9ceadc732d?auto=format&fit=crop&w=800&h=800&q=70|https://images.unsplash.com/photo-1596755094514-f87e34085b2c?auto=format&fit=crop&w=800&h=800&q=70|https://images.unsplash.com/photo-1603252109303-2751441dd157?auto=format&fit=crop&w=800&h=800&q=70|https://images.unsplash.com/photo-1618354691438-25bc04584c23?auto=format&fit=crop&w=800&h=800&q=70
"Hoodie Noir","Molleton doux, capuche ajustée et poche kangourou. Chaud sans être lourd.",4999,25,https://images.unsplash.com/photo-1556821840-3a63f95609a7?auto=format&fit=crop&w=800&h=800&q=70|https://images.unsplash.com/photo-1620799140408-edc6dcb6d633?auto=format&fit=crop&w=800&h=800&q=70|https://images.unsplash.com/photo-1544441893-675973e31985?auto=format&fit=crop&w=800&h=800&q=70|https://images.unsplash.com/photo-1556906781-9a412961c28c?auto=format&fit=crop&w=800&h=800&q=70|https://images.unsplash.com/photo-1578587018452-892bacefd3f2?auto=format&fit=crop&w=800&h=800&q=70
"Hoodie Gris chiné","Molleton doux, capuche ajustée et poche kangourou. Chaud sans être lourd.",4999,25,https://images.unsplash.com/photo-1620799140408-edc6dcb6d633?auto=format&fit=crop&w=800&h=800&q=70|https://images.unsplash.com/photo-1544441893-675973e31985?auto=format&fit=crop&w=800&h=800&q=70|https://images.unsplash.com/photo-1556906781-9a412961c28c?auto=format&fit=crop&w=800&h=800&q=70|https://images.unsplash.com/photo-1578587018452-892bacefd3f2?auto=format&fit=crop&w=800&h=800&q=70|https://images.unsplash.com/photo-1556905055-8f358a7a47b2?auto=format&fit=crop&w=800&h=800&q=70
"Hoodie Marine","Molleton doux, capuche ajustée et poche kangourou. Chaud sans être lourd.",4999,25,https://images.unsplash.com/photo-1544441893-675973e31985?auto=format&fit=crop&w=800&h=800&q=70|https://images.unsplash.com/photo-1556906781-9a412961c28c?auto=format&fit=crop&w=800&h=800&q=70|https://images.unsplash.com/photo-1578587018452-892bacefd3f2?auto=format&fit=crop&w=800&h=800&q=70|https://images.unsplash.com/photo-1556905055-8f358a7a47b2?auto=format&fit=crop&w=800&h=800&q=70|https://images.unsplash.com/photo-1509942774463-acf339cf87d5?auto=format&fit=crop&w=800&h=800&q=70
"Hoodie Crème","Molleton doux, capuche ajustée et poche kangourou. Chaud sans être lourd.",4999,25,https://images.unsplash.com/photo-1556906781-9a412961c28c?auto=format&fit=crop&w=800&h=800&q=70|https://images.unsplash.com/photo-1578587018452-892bacefd3f2?auto=format&fit=crop&w=800&h=800&q=70|https://images.unsplash.com/photo-1556905055-8f358a7a47b2?auto=format&fit=crop&w=800&h=800&q=70|https://images.unsplash.com/photo-1509942774463-acf339cf87d5?auto=format&fit=crop&w=800&h=800&q=70|https://images.unsplash.com/photo-1556909114-f6e7ad7d3136?auto=format&fit=crop&w=800&h=800&q=70
"Hoodie Forest","Molleton doux, capuche ajustée et poche kangourou. Chaud sans être lourd.",4999,25,https://images.unsplash.com/photo-1578587018452-892bacefd3f2?auto=format&fit=crop&w=800&h=800&q=70|https://images.unsplash.com/photo-1556905055-8f358a7a47b2?auto=format&fit=crop&w=800&h=800&q=70|https://images.unsplash.com/photo-1509942774463-acf339cf87d5?auto=format&fit=crop&w=800&h=800&q=70|https://images.unsplash.com/photo-1556909114-f6e7ad7d3136?auto=format&fit=crop&w=800&h=800&q=70|https://images.unsplash.com/photo-1578932750294-f5075e85f44a?auto=format&fit=crop&w=800&h=800&q=70
"Hoodie Terracotta","Molleton doux, capuche ajustée et poche kangourou. Chaud sans être lourd.",4999,25,https://images.unsplash.com/photo-1556905055-8f358a7a47b2?auto=format&fit=crop&w=800&h=800&q=70|https://images.unsplash.com/photo-1509942774463-acf339cf87d5?auto=format&fit=crop&w=800&h=800&q=70|https://images.unsplash.com/photo-1556909114-f6e7ad7d3136?auto=format&fit=crop&w=800&h=800&q=70|https://images.unsplash.com/photo-1578932750294-f5075e85f44a?auto=format&fit=crop&w=800&h=800&q=70|https://images.unsplash.com/photo-1591047139829-d91aecb6caea?auto=format&fit=crop&w=800&h=800&q=70
"Hoodie Slate","Molleton doux, capuche ajustée et poche kangourou. Chaud sans être lourd.",4999,25,https://images.unsplash.com/photo-1509942774463-acf339cf87d5?auto=format&fit=crop&w=800&h=800&q=70|https://images.unsplash.com/photo-1556909114-f6e7ad7d3136?auto=format&fit=crop&w=800&h=800&q=70|https://images.unsplash.com/photo-1578932750294-f5075e85f44a?auto=format&fit=crop&w=800&h=800&q=70|https://images.unsplash.com/photo-1591047139829-d91aecb6caea?auto=format&fit=crop&w=800&h=800&q=70|https://images.unsplash.com/photo-1434389677669-e08b4cac3105?auto=format&fit=crop&w=800&h=800&q=70
"Hoodie Violet","Molleton doux, capuche ajustée et poche kangourou. Chaud sans être lourd.",4999,25,https://images.unsplash.com/photo-1556909114-f6e7ad7d3136?auto=format&fit=crop&w=800&h=800&q=70|https://images.unsplash.com/photo-1578932750294-f5075e85f44a?auto=format&fit=crop&w=800&h=800&q=70|https://images.unsplash.com/photo-1591047139829-d91aecb6caea?auto=format&fit=crop&w=800&h=800&q=70|https://images.unsplash.com/photo-1434389677669-e08b4cac3105?auto=format&fit=crop&w=800&h=800&q=70|https://images.unsplash.com/photo-1614676471928-2ed0ad1061a4?auto=format&fit=crop&w=800&h=800&q=70
"Hoodie Sable","Molleton doux, capuche ajustée et poche kangourou. Chaud sans être lourd.",4999,25,https://images.unsplash.com/photo-1578932750294-f5075e85f44a?auto=format&fit=crop&w=800&h=800&q=70|https://images.unsplash.com/photo-1591047139829-d91aecb6caea?auto=format&fit=crop&w=800&h=800&q=70|https://images.unsplash.com/photo-1434389677669-e08b4cac3105?auto=format&fit=crop&w=800&h=800&q=70|https://images.unsplash.com/photo-1614676471928-2ed0ad1061a4?auto=format&fit=crop&w=800&h=800&q=70|https://images.unsplash.com/photo-1620799140188-3b2a02fd9a77?auto=format&fit=crop&w=800&h=800&q=70
"Hoodie Ink","Molleton doux, capuche ajustée et poche kangourou. Chaud sans être lourd.",4999,25,https://images.unsplash.com/photo-1591047139829-d91aecb6caea?auto=format&fit=crop&w=800&h=800&q=70|https://images.unsplash.com/photo-1434389677669-e08b4cac3105?auto=format&fit=crop&w=800&h=800&q=70|https://images.unsplash.com/photo-1614676471928-2ed0ad1061a4?auto=format&fit=crop&w=800&h=800&q=70|https://images.unsplash.com/photo-1620799140188-3b2a02fd9a77?auto=format&fit=crop&w=800&h=800&q=70|https://images.unsplash.com/photo-1551028719-00167b16eac5?auto=format&fit=crop&w=800&h=800&q=70
"Sweat Noir","Col rond, intérieur gratté. Coupe décontractée pour le studio comme la ville.",3999,30,https://images.unsplash.com/photo-1556821840-3a63f95609a7?auto=format&fit=crop&w=800&h=800&q=70|https://images.unsplash.com/photo-1620799140408-edc6dcb6d633?auto=format&fit=crop&w=800&h=800&q=70|https://images.unsplash.com/photo-1544441893-675973e31985?auto=format&fit=crop&w=800&h=800&q=70|https://images.unsplash.com/photo-1556906781-9a412961c28c?auto=format&fit=crop&w=800&h=800&q=70|https://images.unsplash.com/photo-1578587018452-892bacefd3f2?auto=format&fit=crop&w=800&h=800&q=70
"Sweat Blanc","Col rond, intérieur gratté. Coupe décontractée pour le studio comme la ville.",3999,30,https://images.unsplash.com/photo-1620799140408-edc6dcb6d633?auto=format&fit=crop&w=800&h=800&q=70|https://images.unsplash.com/photo-1544441893-675973e31985?auto=format&fit=crop&w=800&h=800&q=70|https://images.unsplash.com/photo-1556906781-9a412961c28c?auto=format&fit=crop&w=800&h=800&q=70|https://images.unsplash.com/photo-1578587018452-892bacefd3f2?auto=format&fit=crop&w=800&h=800&q=70|https://images.unsplash.com/photo-1556905055-8f358a7a47b2?auto=format&fit=crop&w=800&h=800&q=70
"Sweat Navy","Col rond, intérieur gratté. Coupe décontractée pour le studio comme la ville.",3999,30,https://images.unsplash.com/photo-1544441893-675973e31985?auto=format&fit=crop&w=800&h=800&q=70|https://images.unsplash.com/photo-1556906781-9a412961c28c?auto=format&fit=crop&w=800&h=800&q=70|https://images.unsplash.com/photo-1578587018452-892bacefd3f2?auto=format&fit=crop&w=800&h=800&q=70|https://images.unsplash.com/photo-1556905055-8f358a7a47b2?auto=format&fit=crop&w=800&h=800&q=70|https://images.unsplash.com/photo-1509942774463-acf339cf87d5?auto=format&fit=crop&w=800&h=800&q=70
"Sweat Khaki","Col rond, intérieur gratté. Coupe décontractée pour le studio comme la ville.",3999,30,https://images.unsplash.com/photo-1556906781-9a412961c28c?auto=format&fit=crop&w=800&h=800&q=70|https://images.unsplash.com/photo-1578587018452-892bacefd3f2?auto=format&fit=crop&w=800&h=800&q=70|https://images.unsplash.com/photo-1556905055-8f358a7a47b2?auto=format&fit=crop&w=800&h=800&q=70|https://images.unsplash.com/photo-1509942774463-acf339cf87d5?auto=format&fit=crop&w=800&h=800&q=70|https://images.unsplash.com/photo-1556909114-f6e7ad7d3136?auto=format&fit=crop&w=800&h=800&q=70
"Sweat Rose poudré","Col rond, intérieur gratté. Coupe décontractée pour le studio comme la ville.",3999,30,https://images.unsplash.com/photo-1578587018452-892bacefd3f2?auto=format&fit=crop&w=800&h=800&q=70|https://images.unsplash.com/photo-1556905055-8f358a7a47b2?auto=format&fit=crop&w=800&h=800&q=70|https://images.unsplash.com/photo-1509942774463-acf339cf87d5?auto=format&fit=crop&w=800&h=800&q=70|https://images.unsplash.com/photo-1556909114-f6e7ad7d3136?auto=format&fit=crop&w=800&h=800&q=70|https://images.unsplash.com/photo-1578932750294-f5075e85f44a?auto=format&fit=crop&w=800&h=800&q=70
"Sweat Bleu glacier","Col rond, intérieur gratté. Coupe décontractée pour le studio comme la ville.",3999,30,https://images.unsplash.com/photo-1556905055-8f358a7a47b2?auto=format&fit=crop&w=800&h=800&q=70|https://images.unsplash.com/photo-1509942774463-acf339cf87d5?auto=format&fit=crop&w=800&h=800&q=70|https://images.unsplash.com/photo-1556909114-f6e7ad7d3136?auto=format&fit=crop&w=800&h=800&q=70|https://images.unsplash.com/photo-1578932750294-f5075e85f44a?auto=format&fit=crop&w=800&h=800&q=70|https://images.unsplash.com/photo-1591047139829-d91aecb6caea?auto=format&fit=crop&w=800&h=800&q=70
"Sweat Charbon","Col rond, intérieur gratté. Coupe décontractée pour le studio comme la ville.",3999,30,https://images.unsplash.com/photo-1509942774463-acf339cf87d5?auto=format&fit=crop&w=800&h=800&q=70|https://images.unsplash.com/photo-1556909114-f6e7ad7d3136?auto=format&fit=crop&w=800&h=800&q=70|https://images.unsplash.com/photo-1578932750294-f5075e85f44a?auto=format&fit=crop&w=800&h=800&q=70|https://images.unsplash.com/photo-1591047139829-d91aecb6caea?auto=format&fit=crop&w=800&h=800&q=70|https://images.unsplash.com/photo-1434389677669-e08b4cac3105?auto=format&fit=crop&w=800&h=800&q=70
"Sweat Miel","Col rond, intérieur gratté. Coupe décontractée pour le studio comme la ville.",3999,30,https://images.unsplash.com/photo-1556909114-f6e7ad7d3136?auto=format&fit=crop&w=800&h=800&q=70|https://images.unsplash.com/photo-1578932750294-f5075e85f44a?auto=format&fit=crop&w=800&h=800&q=70|https://images.unsplash.com/photo-1591047139829-d91aecb6caea?auto=format&fit=crop&w=800&h=800&q=70|https://images.unsplash.com/photo-1434389677669-e08b4cac3105?auto=format&fit=crop&w=800&h=800&q=70|https://images.unsplash.com/photo-1614676471928-2ed0ad1061a4?auto=format&fit=crop&w=800&h=800&q=70
"Casquette Noire","Visière courbée, taille unique, sangle ajustable. Broderie ton sur ton.",1799,50,https://images.unsplash.com/photo-1521369909029-2afed882baee?auto=format&fit=crop&w=800&h=800&q=70|https://images.unsplash.com/photo-1575428652377-a2d80e2277fc?auto=format&fit=crop&w=800&h=800&q=70|https://images.unsplash.com/photo-1534215754734-18e55d13e346?auto=format&fit=crop&w=800&h=800&q=70|https://images.unsplash.com/photo-1576871337622-98d48d1cf531?auto=format&fit=crop&w=800&h=800&q=70|https://images.unsplash.com/photo-1514989940723-e8e51635b782?auto=format&fit=crop&w=800&h=800&q=70
"Casquette Beige","Visière courbée, taille unique, sangle ajustable. Broderie ton sur ton.",1799,50,https://images.unsplash.com/photo-1575428652377-a2d80e2277fc?auto=format&fit=crop&w=800&h=800&q=70|https://images.unsplash.com/photo-1534215754734-18e55d13e346?auto=format&fit=crop&w=800&h=800&q=70|https://images.unsplash.com/photo-1576871337622-98d48d1cf531?auto=format&fit=crop&w=800&h=800&q=70|https://images.unsplash.com/photo-1514989940723-e8e51635b782?auto=format&fit=crop&w=800&h=800&q=70|https://images.unsplash.com/photo-1560769629-975ec94e6a86?auto=format&fit=crop&w=800&h=800&q=70
"Casquette Verte","Visière courbée, taille unique, sangle ajustable. Broderie ton sur ton.",1799,50,https://images.unsplash.com/photo-1534215754734-18e55d13e346?auto=format&fit=crop&w=800&h=800&q=70|https://images.unsplash.com/photo-1576871337622-98d48d1cf531?auto=format&fit=crop&w=800&h=800&q=70|https://images.unsplash.com/photo-1514989940723-e8e51635b782?auto=format&fit=crop&w=800&h=800&q=70|https://images.unsplash.com/photo-1560769629-975ec94e6a86?auto=format&fit=crop&w=800&h=800&q=70|https://images.unsplash.com/photo-1521369909029-2afed882baee?auto=format&fit=crop&w=800&h=800&q=70
"Casquette Bleue","Visière courbée, taille unique, sangle ajustable. Broderie ton sur ton.",1799,50,https://images.unsplash.com/photo-1576871337622-98d48d1cf531?auto=format&fit=crop&w=800&h=800&q=70|https://images.unsplash.com/photo-1514989940723-e8e51635b782?auto=format&fit=crop&w=800&h=800&q=70|https://images.unsplash.com/photo-1560769629-975ec94e6a86?auto=format&fit=crop&w=800&h=800&q=70|https://images.unsplash.com/photo-1521369909029-2afed882baee?auto=format&fit=crop&w=800&h=800&q=70|https://images.unsplash.com/photo-1575428652377-a2d80e2277fc?auto=format&fit=crop&w=800&h=800&q=70
"Casquette Rouge","Visière courbée, taille unique, sangle ajustable. Broderie ton sur ton.",1799,50,https://images.unsplash.com/photo-1514989940723-e8e51635b782?auto=format&fit=crop&w=800&h=800&q=70|https://images.unsplash.com/photo-1560769629-975ec94e6a86?auto=format&fit=crop&w=800&h=800&q=70|https://images.unsplash.com/photo-1521369909029-2afed882baee?auto=format&fit=crop&w=800&h=800&q=70|https://images.unsplash.com/photo-1575428652377-a2d80e2277fc?auto=format&fit=crop&w=800&h=800&q=70|https://images.unsplash.com/photo-1534215754734-18e55d13e346?auto=format&fit=crop&w=800&h=800&q=70
"Casquette Blanche","Visière courbée, taille unique, sangle ajustable. Broderie ton sur ton.",1799,50,https://images.unsplash.com/photo-1560769629-975ec94e6a86?auto=format&fit=crop&w=800&h=800&q=70|https://images.unsplash.com/photo-1521369909029-2afed882baee?auto=format&fit=crop&w=800&h=800&q=70|https://images.unsplash.com/photo-1575428652377-a2d80e2277fc?auto=format&fit=crop&w=800&h=800&q=70|https://images.unsplash.com/photo-1534215754734-18e55d13e346?auto=format&fit=crop&w=800&h=800&q=70|https://images.unsplash.com/photo-1576871337622-98d48d1cf531?auto=format&fit=crop&w=800&h=800&q=70
"Casquette Denim","Visière courbée, taille unique, sangle ajustable. Broderie ton sur ton.",1799,50,https://images.unsplash.com/photo-1521369909029-2afed882baee?auto=format&fit=crop&w=800&h=800&q=70|https://images.unsplash.com/photo-1575428652377-a2d80e2277fc?auto=format&fit=crop&w=800&h=800&q=70|https://images.unsplash.com/photo-1534215754734-18e55d13e346?auto=format&fit=crop&w=800&h=800&q=70|https://images.unsplash.com/photo-1576871337622-98d48d1cf531?auto=format&fit=crop&w=800&h=800&q=70|https://images.unsplash.com/photo-1514989940723-e8e51635b782?auto=format&fit=crop&w=800&h=800&q=70
"Casquette Kaki","Visière courbée, taille unique, sangle ajustable. Broderie ton sur ton.",1799,50,https://images.unsplash.com/photo-1575428652377-a2d80e2277fc?auto=format&fit=crop&w=800&h=800&q=70|https://images.unsplash.com/photo-1534215754734-18e55d13e346?auto=format&fit=crop&w=800&h=800&q=70|https://images.unsplash.com/photo-1576871337622-98d48d1cf531?auto=format&fit=crop&w=800&h=800&q=70|https://images.unsplash.com/photo-1514989940723-e8e51635b782?auto=format&fit=crop&w=800&h=800&q=70|https://images.unsplash.com/photo-1560769629-975ec94e6a86?auto=format&fit=crop&w=800&h=800&q=70
"Mug Logo","Céramique 330 ml, anse confortable, passe au lave-vaisselle et au micro-ondes.",1299,60,https://images.unsplash.com/photo-1514228742587-6b1558fcca3d?auto=format&fit=crop&w=800&h=800&q=70|https://images.unsplash.com/photo-1509042239860-f550ce710b93?auto=format&fit=crop&w=800&h=800&q=70|https://images.unsplash.com/photo-1495474472287-4d71bcdd2085?auto=format&fit=crop&w=800&h=800&q=70|https://images.unsplash.com/photo-1517256064527-09c73fc73e38?auto=format&fit=crop&w=800&h=800&q=70|https://images.unsplash.com/photo-1572116469696-31de0f17cc34?auto=format&fit=crop&w=800&h=800&q=70
"Mug Typo","Céramique 330 ml, anse confortable, passe au lave-vaisselle et au micro-ondes.",1299,60,https://images.unsplash.com/photo-1509042239860-f550ce710b93?auto=format&fit=crop&w=800&h=800&q=70|https://images.unsplash.com/photo-1495474472287-4d71bcdd2085?auto=format&fit=crop&w=800&h=800&q=70|https://images.unsplash.com/photo-1517256064527-09c73fc73e38?auto=format&fit=crop&w=800&h=800&q=70|https://images.unsplash.com/photo-1572116469696-31de0f17cc34?auto=format&fit=crop&w=800&h=800&q=70|https://images.unsplash.com/photo-1544787219-7f47ccb76574?auto=format&fit=crop&w=800&h=800&q=70
"Mug Studio","Céramique 330 ml, anse confortable, passe au lave-vaisselle et au micro-ondes.",1299,60,https://images.unsplash.com/photo-1495474472287-4d71bcdd2085?auto=format&fit=crop&w=800&h=800&q=70|https://images.unsplash.com/photo-1517256064527-09c73fc73e38?auto=format&fit=crop&w=800&h=800&q=70|https://images.unsplash.com/photo-1572116469696-31de0f17cc34?auto=format&fit=crop&w=800&h=800&q=70|https://images.unsplash.com/photo-1544787219-7f47ccb76574?auto=format&fit=crop&w=800&h=800&q=70|https://images.unsplash.com/photo-1577937927133-66ef06acdf18?auto=format&fit=crop&w=800&h=800&q=70
"Mug Wave","Céramique 330 ml, anse confortable, passe au lave-vaisselle et au micro-ondes.",1299,60,https://images.unsplash.com/photo-1517256064527-09c73fc73e38?auto=format&fit=crop&w=800&h=800&q=70|https://images.unsplash.com/photo-1572116469696-31de0f17cc34?auto=format&fit=crop&w=800&h=800&q=70|https://images.unsplash.com/photo-1544787219-7f47ccb76574?auto=format&fit=crop&w=800&h=800&q=70|https://images.unsplash.com/photo-1577937927133-66ef06acdf18?auto=format&fit=crop&w=800&h=800&q=70|https://images.unsplash.com/photo-1514228742587-6b1558fcca3d?auto=format&fit=crop&w=800&h=800&q=70
"Mug Grid","Céramique 330 ml, anse confortable, passe au lave-vaisselle et au micro-ondes.",1299,60,https://images.unsplash.com/photo-1572116469696-31de0f17cc34?auto=format&fit=crop&w=800&h=800&q=70|https://images.unsplash.com/photo-1544787219-7f47ccb76574?auto=format&fit=crop&w=800&h=800&q=70|https://images.unsplash.com/photo-1577937927133-66ef06acdf18?auto=format&fit=crop&w=800&h=800&q=70|https://images.unsplash.com/photo-1514228742587-6b1558fcca3d?auto=format&fit=crop&w=800&h=800&q=70|https://images.unsplash.com/photo-1509042239860-f550ce710b93?auto=format&fit=crop&w=800&h=800&q=70
"Mug Sun","Céramique 330 ml, anse confortable, passe au lave-vaisselle et au micro-ondes.",1299,60,https://images.unsplash.com/photo-1544787219-7f47ccb76574?auto=format&fit=crop&w=800&h=800&q=70|https://images.unsplash.com/photo-1577937927133-66ef06acdf18?auto=format&fit=crop&w=800&h=800&q=70|https://images.unsplash.com/photo-1514228742587-6b1558fcca3d?auto=format&fit=crop&w=800&h=800&q=70|https://images.unsplash.com/photo-1509042239860-f550ce710b93?auto=format&fit=crop&w=800&h=800&q=70|https://images.unsplash.com/photo-1495474472287-4d71bcdd2085?auto=format&fit=crop&w=800&h=800&q=70
"Mug Moon","Céramique 330 ml, anse confortable, passe au lave-vaisselle et au micro-ondes.",1299,60,https://images.unsplash.com/photo-1577937927133-66ef06acdf18?auto=format&fit=crop&w=800&h=800&q=70|https://images.unsplash.com/photo-1514228742587-6b1558fcca3d?auto=format&fit=crop&w=800&h=800&q=70|https://images.unsplash.com/photo-1509042239860-f550ce710b93?auto=format&fit=crop&w=800&h=800&q=70|https://images.unsplash.com/photo-1495474472287-4d71bcdd2085?auto=format&fit=crop&w=800&h=800&q=70|https://images.unsplash.com/photo-1517256064527-09c73fc73e38?auto=format&fit=crop&w=800&h=800&q=70
"Mug City","Céramique 330 ml, anse confortable, passe au lave-vaisselle et au micro-ondes.",1299,60,https://images.unsplash.com/photo-1514228742587-6b1558fcca3d?auto=format&fit=crop&w=800&h=800&q=70|https://images.unsplash.com/photo-1509042239860-f550ce710b93?auto=format&fit=crop&w=800&h=800&q=70|https://images.unsplash.com/photo-1495474472287-4d71bcdd2085?auto=format&fit=crop&w=800&h=800&q=70|https://images.unsplash.com/photo-1517256064527-09c73fc73e38?auto=format&fit=crop&w=800&h=800&q=70|https://images.unsplash.com/photo-1572116469696-31de0f17cc34?auto=format&fit=crop&w=800&h=800&q=70
"Mug Forest","Céramique 330 ml, anse confortable, passe au lave-vaisselle et au micro-ondes.",1299,60,https://images.unsplash.com/photo-1509042239860-f550ce710b93?auto=format&fit=crop&w=800&h=800&q=70|https://images.unsplash.com/photo-1495474472287-4d71bcdd2085?auto=format&fit=crop&w=800&h=800&q=70|https://images.unsplash.com/photo-1517256064527-09c73fc73e38?auto=format&fit=crop&w=800&h=800&q=70|https://images.unsplash.com/photo-1572116469696-31de0f17cc34?auto=format&fit=crop&w=800&h=800&q=70|https://images.unsplash.com/photo-1544787219-7f47ccb76574?auto=format&fit=crop&w=800&h=800&q=70
"Mug Ocean","Céramique 330 ml, anse confortable, passe au lave-vaisselle et au micro-ondes.",1299,60,https://images.unsplash.com/photo-1495474472287-4d71bcdd2085?auto=format&fit=crop&w=800&h=800&q=70|https://images.unsplash.com/photo-1517256064527-09c73fc73e38?auto=format&fit=crop&w=800&h=800&q=70|https://images.unsplash.com/photo-1572116469696-31de0f17cc34?auto=format&fit=crop&w=800&h=800&q=70|https://images.unsplash.com/photo-1544787219-7f47ccb76574?auto=format&fit=crop&w=800&h=800&q=70|https://images.unsplash.com/photo-1577937927133-66ef06acdf18?auto=format&fit=crop&w=800&h=800&q=70
"Gourde Inox","Inox 500 ml, bouchon sport, garde au frais 12 h. Idéale bureau et vélo.",2499,35,https://images.unsplash.com/photo-1548839140-29a749e1cf4d?auto=format&fit=crop&w=800&h=800&q=70|https://images.unsplash.com/photo-1575367439058-6096bb9cf5e2?auto=format&fit=crop&w=800&h=800&q=70|https://images.unsplash.com/photo-1589365278144-c9e705f843ba?auto=format&fit=crop&w=800&h=800&q=70|https://images.unsplash.com/photo-1514228742587-6b1558fcca3d?auto=format&fit=crop&w=800&h=800&q=70|https://images.unsplash.com/photo-1572116469696-31de0f17cc34?auto=format&fit=crop&w=800&h=800&q=70
"Gourde Noir mat","Inox 500 ml, bouchon sport, garde au frais 12 h. Idéale bureau et vélo.",2499,35,https://images.unsplash.com/photo-1575367439058-6096bb9cf5e2?auto=format&fit=crop&w=800&h=800&q=70|https://images.unsplash.com/photo-1589365278144-c9e705f843ba?auto=format&fit=crop&w=800&h=800&q=70|https://images.unsplash.com/photo-1514228742587-6b1558fcca3d?auto=format&fit=crop&w=800&h=800&q=70|https://images.unsplash.com/photo-1572116469696-31de0f17cc34?auto=format&fit=crop&w=800&h=800&q=70|https://images.unsplash.com/photo-1544787219-7f47ccb76574?auto=format&fit=crop&w=800&h=800&q=70
"Gourde Blanc","Inox 500 ml, bouchon sport, garde au frais 12 h. Idéale bureau et vélo.",2499,35,https://images.unsplash.com/photo-1589365278144-c9e705f843ba?auto=format&fit=crop&w=800&h=800&q=70|https://images.unsplash.com/photo-1514228742587-6b1558fcca3d?auto=format&fit=crop&w=800&h=800&q=70|https://images.unsplash.com/photo-1572116469696-31de0f17cc34?auto=format&fit=crop&w=800&h=800&q=70|https://images.unsplash.com/photo-1544787219-7f47ccb76574?auto=format&fit=crop&w=800&h=800&q=70|https://images.unsplash.com/photo-1548839140-29a749e1cf4d?auto=format&fit=crop&w=800&h=800&q=70
"Gourde Sauge","Inox 500 ml, bouchon sport, garde au frais 12 h. Idéale bureau et vélo.",2499,35,https://images.unsplash.com/photo-1514228742587-6b1558fcca3d?auto=format&fit=crop&w=800&h=800&q=70|https://images.unsplash.com/photo-1572116469696-31de0f17cc34?auto=format&fit=crop&w=800&h=800&q=70|https://images.unsplash.com/photo-1544787219-7f47ccb76574?auto=format&fit=crop&w=800&h=800&q=70|https://images.unsplash.com/photo-1548839140-29a749e1cf4d?auto=format&fit=crop&w=800&h=800&q=70|https://images.unsplash.com/photo-1575367439058-6096bb9cf5e2?auto=format&fit=crop&w=800&h=800&q=70
"Gourde Sable","Inox 500 ml, bouchon sport, garde au frais 12 h. Idéale bureau et vélo.",2499,35,https://images.unsplash.com/photo-1572116469696-31de0f17cc34?auto=format&fit=crop&w=800&h=800&q=70|https://images.unsplash.com/photo-1544787219-7f47ccb76574?auto=format&fit=crop&w=800&h=800&q=70|https://images.unsplash.com/photo-1548839140-29a749e1cf4d?auto=format&fit=crop&w=800&h=800&q=70|https://images.unsplash.com/photo-1575367439058-6096bb9cf5e2?auto=format&fit=crop&w=800&h=800&q=70|https://images.unsplash.com/photo-1589365278144-c9e705f843ba?auto=format&fit=crop&w=800&h=800&q=70
"Gourde Sky","Inox 500 ml, bouchon sport, garde au frais 12 h. Idéale bureau et vélo.",2499,35,https://images.unsplash.com/photo-1544787219-7f47ccb76574?auto=format&fit=crop&w=800&h=800&q=70|https://images.unsplash.com/photo-1548839140-29a749e1cf4d?auto=format&fit=crop&w=800&h=800&q=70|https://images.unsplash.com/photo-1575367439058-6096bb9cf5e2?auto=format&fit=crop&w=800&h=800&q=70|https://images.unsplash.com/photo-1589365278144-c9e705f843ba?auto=format&fit=crop&w=800&h=800&q=70|https://images.unsplash.com/photo-1514228742587-6b1558fcca3d?auto=format&fit=crop&w=800&h=800&q=70
"Gourde Coral","Inox 500 ml, bouchon sport, garde au frais 12 h. Idéale bureau et vélo.",2499,35,https://images.unsplash.com/photo-1548839140-29a749e1cf4d?auto=format&fit=crop&w=800&h=800&q=70|https://images.unsplash.com/photo-1575367439058-6096bb9cf5e2?auto=format&fit=crop&w=800&h=800&q=70|https://images.unsplash.com/photo-1589365278144-c9e705f843ba?auto=format&fit=crop&w=800&h=800&q=70|https://images.unsplash.com/photo-1514228742587-6b1558fcca3d?auto=format&fit=crop&w=800&h=800&q=70|https://images.unsplash.com/photo-1572116469696-31de0f17cc34?auto=format&fit=crop&w=800&h=800&q=70
"Gourde Slate","Inox 500 ml, bouchon sport, garde au frais 12 h. Idéale bureau et vélo.",2499,35,https://images.unsplash.com/photo-1575367439058-6096bb9cf5e2?auto=format&fit=crop&w=800&h=800&q=70|https://images.unsplash.com/photo-1589365278144-c9e705f843ba?auto=format&fit=crop&w=800&h=800&q=70|https://images.unsplash.com/photo-1514228742587-6b1558fcca3d?auto=format&fit=crop&w=800&h=800&q=70|https://images.unsplash.com/photo-1572116469696-31de0f17cc34?auto=format&fit=crop&w=800&h=800&q=70|https://images.unsplash.com/photo-1544787219-7f47ccb76574?auto=format&fit=crop&w=800&h=800&q=70
"Tote bag Naturel","Coton canvas 280 g, anses longues, format A4. Pour le marché ou le laptop.",1599,45,https://images.unsplash.com/photo-1591561954557-26941169b49e?auto=format&fit=crop&w=800&h=800&q=70|https://images.unsplash.com/photo-1553062407-98eeb64c6a62?auto=format&fit=crop&w=800&h=800&q=70|https://images.unsplash.com/photo-1622560480605-d83c853bc5c3?auto=format&fit=crop&w=800&h=800&q=70|https://images.unsplash.com/photo-1487412720507-e7ab37603c6f?auto=format&fit=crop&w=800&h=800&q=70|https://images.unsplash.com/photo-1441986300917-64674bd600d8?auto=format&fit=crop&w=800&h=800&q=70
"Tote bag Noir","Coton canvas 280 g, anses longues, format A4. Pour le marché ou le laptop.",1599,45,https://images.unsplash.com/photo-1553062407-98eeb64c6a62?auto=format&fit=crop&w=800&h=800&q=70|https://images.unsplash.com/photo-1622560480605-d83c853bc5c3?auto=format&fit=crop&w=800&h=800&q=70|https://images.unsplash.com/photo-1487412720507-e7ab37603c6f?auto=format&fit=crop&w=800&h=800&q=70|https://images.unsplash.com/photo-1441986300917-64674bd600d8?auto=format&fit=crop&w=800&h=800&q=70|https://images.unsplash.com/photo-1492707892479-7bc8d5a4ee93?auto=format&fit=crop&w=800&h=800&q=70
"Tote bag Marine","Coton canvas 280 g, anses longues, format A4. Pour le marché ou le laptop.",1599,45,https://images.unsplash.com/photo-1622560480605-d83c853bc5c3?auto=format&fit=crop&w=800&h=800&q=70|https://images.unsplash.com/photo-1487412720507-e7ab37603c6f?auto=format&fit=crop&w=800&h=800&q=70|https://images.unsplash.com/photo-1441986300917-64674bd600d8?auto=format&fit=crop&w=800&h=800&q=70|https://images.unsplash.com/photo-1492707892479-7bc8d5a4ee93?auto=format&fit=crop&w=800&h=800&q=70|https://images.unsplash.com/photo-1475180098004-ca77a66827be?auto=format&fit=crop&w=800&h=800&q=70
"Tote bag Rouge","Coton canvas 280 g, anses longues, format A4. Pour le marché ou le laptop.",1599,45,https://images.unsplash.com/photo-1487412720507-e7ab37603c6f?auto=format&fit=crop&w=800&h=800&q=70|https://images.unsplash.com/photo-1441986300917-64674bd600d8?auto=format&fit=crop&w=800&h=800&q=70|https://images.unsplash.com/photo-1492707892479-7bc8d5a4ee93?auto=format&fit=crop&w=800&h=800&q=70|https://images.unsplash.com/photo-1475180098004-ca77a66827be?auto=format&fit=crop&w=800&h=800&q=70|https://images.unsplash.com/photo-1591561954557-26941169b49e?auto=format&fit=crop&w=800&h=800&q=70
"Tote bag Olive","Coton canvas 280 g, anses longues, format A4. Pour le marché ou le laptop.",1599,45,https://images.unsplash.com/photo-1441986300917-64674bd600d8?auto=format&fit=crop&w=800&h=800&q=70|https://images.unsplash.com/photo-1492707892479-7bc8d5a4ee93?auto=format&fit=crop&w=800&h=800&q=70|https://images.unsplash.com/photo-1475180098004-ca77a66827be?auto=format&fit=crop&w=800&h=800&q=70|https://images.unsplash.com/photo-1591561954557-26941169b49e?auto=format&fit=crop&w=800&h=800&q=70|https://images.unsplash.com/photo-1553062407-98eeb64c6a62?auto=format&fit=crop&w=800&h=800&q=70
"Tote bag Lavande","Coton canvas 280 g, anses longues, format A4. Pour le marché ou le laptop.",1599,45,https://images.unsplash.com/photo-1492707892479-7bc8d5a4ee93?auto=format&fit=crop&w=800&h=800&q=70|https://images.unsplash.com/photo-1475180098004-ca77a66827be?auto=format&fit=crop&w=800&h=800&q=70|https://images.unsplash.com/photo-1591561954557-26941169b49e?auto=format&fit=crop&w=800&h=800&q=70|https://images.unsplash.com/photo-1553062407-98eeb64c6a62?auto=format&fit=crop&w=800&h=800&q=70|https://images.unsplash.com/photo-1622560480605-d83c853bc5c3?auto=format&fit=crop&w=800&h=800&q=70
"Tote bag Sable","Coton canvas 280 g, anses longues, format A4. Pour le marché ou le laptop.",1599,45,https://images.unsplash.com/photo-1475180098004-ca77a66827be?auto=format&fit=crop&w=800&h=800&q=70|https://images.unsplash.com/photo-1591561954557-26941169b49e?auto=format&fit=crop&w=800&h=800&q=70|https://images.unsplash.com/photo-1553062407-98eeb64c6a62?auto=format&fit=crop&w=800&h=800&q=70|https://images.unsplash.com/photo-1622560480605-d83c853bc5c3?auto=format&fit=crop&w=800&h=800&q=70|https://images.unsplash.com/photo-1487412720507-e7ab37603c6f?auto=format&fit=crop&w=800&h=800&q=70
"Tote bag Gris","Coton canvas 280 g, anses longues, format A4. Pour le marché ou le laptop.",1599,45,https://images.unsplash.com/photo-1591561954557-26941169b49e?auto=format&fit=crop&w=800&h=800&q=70|https://images.unsplash.com/photo-1553062407-98eeb64c6a62?auto=format&fit=crop&w=800&h=800&q=70|https://images.unsplash.com/photo-1622560480605-d83c853bc5c3?auto=format&fit=crop&w=800&h=800&q=70|https://images.unsplash.com/photo-1487412720507-e7ab37603c6f?auto=format&fit=crop&w=800&h=800&q=70|https://images.unsplash.com/photo-1441986300917-64674bd600d8?auto=format&fit=crop&w=800&h=800&q=70
"Carnet Ligné","A5, 96 pages, papier 90 g. Couverture souple et élastique de fermeture.",1199,55,https://images.unsplash.com/photo-1531346878377-a5be20888e57?auto=format&fit=crop&w=800&h=800&q=70|https://images.unsplash.com/photo-1517842645767-c639042777db?auto=format&fit=crop&w=800&h=800&q=70|https://images.unsplash.com/photo-1455390582262-044cdead277a?auto=format&fit=crop&w=800&h=800&q=70|https://images.unsplash.com/photo-1516414447565-b14be0adf13e?auto=format&fit=crop&w=800&h=800&q=70|https://images.unsplash.com/photo-1471107340929-a87cd0f5b5f3?auto=format&fit=crop&w=800&h=800&q=70
"Carnet Pointillé","A5, 96 pages, papier 90 g. Couverture souple et élastique de fermeture.",1199,55,https://images.unsplash.com/photo-1517842645767-c639042777db?auto=format&fit=crop&w=800&h=800&q=70|https://images.unsplash.com/photo-1455390582262-044cdead277a?auto=format&fit=crop&w=800&h=800&q=70|https://images.unsplash.com/photo-1516414447565-b14be0adf13e?auto=format&fit=crop&w=800&h=800&q=70|https://images.unsplash.com/photo-1471107340929-a87cd0f5b5f3?auto=format&fit=crop&w=800&h=800&q=70|https://images.unsplash.com/photo-1506784365847-bbad939e9335?auto=format&fit=crop&w=800&h=800&q=70
"Carnet Blanc","A5, 96 pages, papier 90 g. Couverture souple et élastique de fermeture.",1199,55,https://images.unsplash.com/photo-1455390582262-044cdead277a?auto=format&fit=crop&w=800&h=800&q=70|https://images.unsplash.com/photo-1516414447565-b14be0adf13e?auto=format&fit=crop&w=800&h=800&q=70|https://images.unsplash.com/photo-1471107340929-a87cd0f5b5f3?auto=format&fit=crop&w=800&h=800&q=70|https://images.unsplash.com/photo-1506784365847-bbad939e9335?auto=format&fit=crop&w=800&h=800&q=70|https://images.unsplash.com/photo-1481627834876-b7833e8f5570?auto=format&fit=crop&w=800&h=800&q=70
"Carnet Kraft","A5, 96 pages, papier 90 g. Couverture souple et élastique de fermeture.",1199,55,https://images.unsplash.com/photo-1516414447565-b14be0adf13e?auto=format&fit=crop&w=800&h=800&q=70|https://images.unsplash.com/photo-1471107340929-a87cd0f5b5f3?auto=format&fit=crop&w=800&h=800&q=70|https://images.unsplash.com/photo-1506784365847-bbad939e9335?auto=format&fit=crop&w=800&h=800&q=70|https://images.unsplash.com/photo-1481627834876-b7833e8f5570?auto=format&fit=crop&w=800&h=800&q=70|https://images.unsplash.com/photo-1531346878377-a5be20888e57?auto=format&fit=crop&w=800&h=800&q=70
"Carnet Nuit","A5, 96 pages, papier 90 g. Couverture souple et élastique de fermeture.",1199,55,https://images.unsplash.com/photo-1471107340929-a87cd0f5b5f3?auto=format&fit=crop&w=800&h=800&q=70|https://images.unsplash.com/photo-1506784365847-bbad939e9335?auto=format&fit=crop&w=800&h=800&q=70|https://images.unsplash.com/photo-1481627834876-b7833e8f5570?auto=format&fit=crop&w=800&h=800&q=70|https://images.unsplash.com/photo-1531346878377-a5be20888e57?auto=format&fit=crop&w=800&h=800&q=70|https://images.unsplash.com/photo-1517842645767-c639042777db?auto=format&fit=crop&w=800&h=800&q=70
"Carnet Sauge","A5, 96 pages, papier 90 g. Couverture souple et élastique de fermeture.",1199,55,https://images.unsplash.com/photo-1506784365847-bbad939e9335?auto=format&fit=crop&w=800&h=800&q=70|https://images.unsplash.com/photo-1481627834876-b7833e8f5570?auto=format&fit=crop&w=800&h=800&q=70|https://images.unsplash.com/photo-1531346878377-a5be20888e57?auto=format&fit=crop&w=800&h=800&q=70|https://images.unsplash.com/photo-1517842645767-c639042777db?auto=format&fit=crop&w=800&h=800&q=70|https://images.unsplash.com/photo-1455390582262-044cdead277a?auto=format&fit=crop&w=800&h=800&q=70
"Carnet Terracotta","A5, 96 pages, papier 90 g. Couverture souple et élastique de fermeture.",1199,55,https://images.unsplash.com/photo-1481627834876-b7833e8f5570?auto=format&fit=crop&w=800&h=800&q=70|https://images.unsplash.com/photo-1531346878377-a5be20888e57?auto=format&fit=crop&w=800&h=800&q=70|https://images.unsplash.com/photo-1517842645767-c639042777db?auto=format&fit=crop&w=800&h=800&q=70|https://images.unsplash.com/photo-1455390582262-044cdead277a?auto=format&fit=crop&w=800&h=800&q=70|https://images.unsplash.com/photo-1516414447565-b14be0adf13e?auto=format&fit=crop&w=800&h=800&q=70
"Carnet Ciel","A5, 96 pages, papier 90 g. Couverture souple et élastique de fermeture.",1199,55,https://images.unsplash.com/photo-1531346878377-a5be20888e57?auto=format&fit=crop&w=800&h=800&q=70|https://images.unsplash.com/photo-1517842645767-c639042777db?auto=format&fit=crop&w=800&h=800&q=70|https://images.unsplash.com/photo-1455390582262-044cdead277a?auto=format&fit=crop&w=800&h=800&q=70|https://images.unsplash.com/photo-1516414447565-b14be0adf13e?auto=format&fit=crop&w=800&h=800&q=70|https://images.unsplash.com/photo-1471107340929-a87cd0f5b5f3?auto=format&fit=crop&w=800&h=800&q=70
"Poster Studio","Affiche 30×40 cm, papier mat 200 g. Livrée roulée, cadre non inclus.",1499,20,https://images.unsplash.com/photo-1541961017774-22349e4a1262?auto=format&fit=crop&w=800&h=800&q=70|https://images.unsplash.com/photo-1513364776144-60967b0f800f?auto=format&fit=crop&w=800&h=800&q=70|https://images.unsplash.com/photo-1460661419201-fd4cecdf8a8b?auto=format&fit=crop&w=800&h=800&q=70|https://images.unsplash.com/photo-1579783902614-a3fb3927b6a5?auto=format&fit=crop&w=800&h=800&q=70|https://images.unsplash.com/photo-1445205170230-053b83016050?auto=format&fit=crop&w=800&h=800&q=70
"Poster Wave","Affiche 30×40 cm, papier mat 200 g. Livrée roulée, cadre non inclus.",1499,20,https://images.unsplash.com/photo-1513364776144-60967b0f800f?auto=format&fit=crop&w=800&h=800&q=70|https://images.unsplash.com/photo-1460661419201-fd4cecdf8a8b?auto=format&fit=crop&w=800&h=800&q=70|https://images.unsplash.com/photo-1579783902614-a3fb3927b6a5?auto=format&fit=crop&w=800&h=800&q=70|https://images.unsplash.com/photo-1445205170230-053b83016050?auto=format&fit=crop&w=800&h=800&q=70|https://images.unsplash.com/photo-1483985988355-763728e1935b?auto=format&fit=crop&w=800&h=800&q=70
"Poster Grid","Affiche 30×40 cm, papier mat 200 g. Livrée roulée, cadre non inclus.",1499,20,https://images.unsplash.com/photo-1460661419201-fd4cecdf8a8b?auto=format&fit=crop&w=800&h=800&q=70|https://images.unsplash.com/photo-1579783902614-a3fb3927b6a5?auto=format&fit=crop&w=800&h=800&q=70|https://images.unsplash.com/photo-1445205170230-053b83016050?auto=format&fit=crop&w=800&h=800&q=70|https://images.unsplash.com/photo-1483985988355-763728e1935b?auto=format&fit=crop&w=800&h=800&q=70|https://images.unsplash.com/photo-1490481651871-ab68de25d43d?auto=format&fit=crop&w=800&h=800&q=70
"Poster Sun","Affiche 30×40 cm, papier mat 200 g. Livrée roulée, cadre non inclus.",1499,20,https://images.unsplash.com/photo-1579783902614-a3fb3927b6a5?auto=format&fit=crop&w=800&h=800&q=70|https://images.unsplash.com/photo-1445205170230-053b83016050?auto=format&fit=crop&w=800&h=800&q=70|https://images.unsplash.com/photo-1483985988355-763728e1935b?auto=format&fit=crop&w=800&h=800&q=70|https://images.unsplash.com/photo-1490481651871-ab68de25d43d?auto=format&fit=crop&w=800&h=800&q=70|https://images.unsplash.com/photo-1541961017774-22349e4a1262?auto=format&fit=crop&w=800&h=800&q=70
"Poster Moon","Affiche 30×40 cm, papier mat 200 g. Livrée roulée, cadre non inclus.",1499,20,https://images.unsplash.com/photo-1445205170230-053b83016050?auto=format&fit=crop&w=800&h=800&q=70|https://images.unsplash.com/photo-1483985988355-763728e1935b?auto=format&fit=crop&w=800&h=800&q=70|https://images.unsplash.com/photo-1490481651871-ab68de25d43d?auto=format&fit=crop&w=800&h=800&q=70|https://images.unsplash.com/photo-1541961017774-22349e4a1262?auto=format&fit=crop&w=800&h=800&q=70|https://images.unsplash.com/photo-1513364776144-60967b0f800f?auto=format&fit=crop&w=800&h=800&q=70
"Poster City","Affiche 30×40 cm, papier mat 200 g. Livrée roulée, cadre non inclus.",1499,20,https://images.unsplash.com/photo-1483985988355-763728e1935b?auto=format&fit=crop&w=800&h=800&q=70|https://images.unsplash.com/photo-1490481651871-ab68de25d43d?auto=format&fit=crop&w=800&h=800&q=70|https://images.unsplash.com/photo-1541961017774-22349e4a1262?auto=format&fit=crop&w=800&h=800&q=70|https://images.unsplash.com/photo-1513364776144-60967b0f800f?auto=format&fit=crop&w=800&h=800&q=70|https://images.unsplash.com/photo-1460661419201-fd4cecdf8a8b?auto=format&fit=crop&w=800&h=800&q=70
"Poster Forest","Affiche 30×40 cm, papier mat 200 g. Livrée roulée, cadre non inclus.",1499,20,https://images.unsplash.com/photo-1490481651871-ab68de25d43d?auto=format&fit=crop&w=800&h=800&q=70|https://images.unsplash.com/photo-1541961017774-22349e4a1262?auto=format&fit=crop&w=800&h=800&q=70|https://images.unsplash.com/photo-1513364776144-60967b0f800f?auto=format&fit=crop&w=800&h=800&q=70|https://images.unsplash.com/photo-1460661419201-fd4cecdf8a8b?auto=format&fit=crop&w=800&h=800&q=70|https://images.unsplash.com/photo-1579783902614-a3fb3927b6a5?auto=format&fit=crop&w=800&h=800&q=70
"Poster Ocean","Affiche 30×40 cm, papier mat 200 g. Livrée roulée, cadre non inclus.",1499,20,https://images.unsplash.com/photo-1541961017774-22349e4a1262?auto=format&fit=crop&w=800&h=800&q=70|https://images.unsplash.com/photo-1513364776144-60967b0f800f?auto=format&fit=crop&w=800&h=800&q=70|https://images.unsplash.com/photo-1460661419201-fd4cecdf8a8b?auto=format&fit=crop&w=800&h=800&q=70|https://images.unsplash.com/photo-1579783902614-a3fb3927b6a5?auto=format&fit=crop&w=800&h=800&q=70|https://images.unsplash.com/photo-1445205170230-053b83016050?auto=format&fit=crop&w=800&h=800&q=70
"Poster Type","Affiche 30×40 cm, papier mat 200 g. Livrée roulée, cadre non inclus.",1499,20,https://images.unsplash.com/photo-1513364776144-60967b0f800f?auto=format&fit=crop&w=800&h=800&q=70|https://images.unsplash.com/photo-1460661419201-fd4cecdf8a8b?auto=format&fit=crop&w=800&h=800&q=70|https://images.unsplash.com/photo-1579783902614-a3fb3927b6a5?auto=format&fit=crop&w=800&h=800&q=70|https://images.unsplash.com/photo-1445205170230-053b83016050?auto=format&fit=crop&w=800&h=800&q=70|https://images.unsplash.com/photo-1483985988355-763728e1935b?auto=format&fit=crop&w=800&h=800&q=70
"Poster Color","Affiche 30×40 cm, papier mat 200 g. Livrée roulée, cadre non inclus.",1499,20,https://images.unsplash.com/photo-1460661419201-fd4cecdf8a8b?auto=format&fit=crop&w=800&h=800&q=70|https://images.unsplash.com/photo-1579783902614-a3fb3927b6a5?auto=format&fit=crop&w=800&h=800&q=70|https://images.unsplash.com/photo-1445205170230-053b83016050?auto=format&fit=crop&w=800&h=800&q=70|https://images.unsplash.com/photo-1483985988355-763728e1935b?auto=format&fit=crop&w=800&h=800&q=70|https://images.unsplash.com/photo-1490481651871-ab68de25d43d?auto=format&fit=crop&w=800&h=800&q=70
"Pack stickers Essentiel","Planche de 12 stickers vinyl mat. Résistants à l’eau, pour laptop et gourde.",699,80,https://images.unsplash.com/photo-1611532736597-de2d4265fba3?auto=format&fit=crop&w=800&h=800&q=70|https://images.unsplash.com/photo-1608889825103-eb5ed706fc64?auto=format&fit=crop&w=800&h=800&q=70|https://images.unsplash.com/photo-1612198188060-c7c2a3b66eae?auto=format&fit=crop&w=800&h=800&q=70|https://images.unsplash.com/photo-1608889825205-eebdb9fc5806?auto=format&fit=crop&w=800&h=800&q=70|https://images.unsplash.com/photo-1541961017774-22349e4a1262?auto=format&fit=crop&w=800&h=800&q=70
"Pack stickers Studio","Planche de 12 stickers vinyl mat. Résistants à l’eau, pour laptop et gourde.",699,80,https://images.unsplash.com/photo-1608889825103-eb5ed706fc64?auto=format&fit=crop&w=800&h=800&q=70|https://images.unsplash.com/photo-1612198188060-c7c2a3b66eae?auto=format&fit=crop&w=800&h=800&q=70|https://images.unsplash.com/photo-1608889825205-eebdb9fc5806?auto=format&fit=crop&w=800&h=800&q=70|https://images.unsplash.com/photo-1541961017774-22349e4a1262?auto=format&fit=crop&w=800&h=800&q=70|https://images.unsplash.com/photo-1513364776144-60967b0f800f?auto=format&fit=crop&w=800&h=800&q=70
"Pack stickers Voyage","Planche de 12 stickers vinyl mat. Résistants à l’eau, pour laptop et gourde.",699,80,https://images.unsplash.com/photo-1612198188060-c7c2a3b66eae?auto=format&fit=crop&w=800&h=800&q=70|https://images.unsplash.com/photo-1608889825205-eebdb9fc5806?auto=format&fit=crop&w=800&h=800&q=70|https://images.unsplash.com/photo-1541961017774-22349e4a1262?auto=format&fit=crop&w=800&h=800&q=70|https://images.unsplash.com/photo-1513364776144-60967b0f800f?auto=format&fit=crop&w=800&h=800&q=70|https://images.unsplash.com/photo-1611532736597-de2d4265fba3?auto=format&fit=crop&w=800&h=800&q=70
"Pack stickers Typo","Planche de 12 stickers vinyl mat. Résistants à l’eau, pour laptop et gourde.",699,80,https://images.unsplash.com/photo-1608889825205-eebdb9fc5806?auto=format&fit=crop&w=800&h=800&q=70|https://images.unsplash.com/photo-1541961017774-22349e4a1262?auto=format&fit=crop&w=800&h=800&q=70|https://images.unsplash.com/photo-1513364776144-60967b0f800f?auto=format&fit=crop&w=800&h=800&q=70|https://images.unsplash.com/photo-1611532736597-de2d4265fba3?auto=format&fit=crop&w=800&h=800&q=70|https://images.unsplash.com/photo-1608889825103-eb5ed706fc64?auto=format&fit=crop&w=800&h=800&q=70
"Pack stickers Icones","Planche de 12 stickers vinyl mat. Résistants à l’eau, pour laptop et gourde.",699,80,https://images.unsplash.com/photo-1541961017774-22349e4a1262?auto=format&fit=crop&w=800&h=800&q=70|https://images.unsplash.com/photo-1513364776144-60967b0f800f?auto=format&fit=crop&w=800&h=800&q=70|https://images.unsplash.com/photo-1611532736597-de2d4265fba3?auto=format&fit=crop&w=800&h=800&q=70|https://images.unsplash.com/photo-1608889825103-eb5ed706fc64?auto=format&fit=crop&w=800&h=800&q=70|https://images.unsplash.com/photo-1612198188060-c7c2a3b66eae?auto=format&fit=crop&w=800&h=800&q=70
"Pack stickers Color","Planche de 12 stickers vinyl mat. Résistants à l’eau, pour laptop et gourde.",699,80,https://images.unsplash.com/photo-1513364776144-60967b0f800f?auto=format&fit=crop&w=800&h=800&q=70|https://images.unsplash.com/photo-1611532736597-de2d4265fba3?auto=format&fit=crop&w=800&h=800&q=70|https://images.unsplash.com/photo-1608889825103-eb5ed706fc64?auto=format&fit=crop&w=800&h=800&q=70|https://images.unsplash.com/photo-1612198188060-c7c2a3b66eae?auto=format&fit=crop&w=800&h=800&q=70|https://images.unsplash.com/photo-1608889825205-eebdb9fc5806?auto=format&fit=crop&w=800&h=800&q=70
"Chaussettes Noires","Paire coton peigné, 36-41, renforts talon et pointe. Pack unitaire.",999,70,https://images.unsplash.com/photo-1582967788606-a171c1080cb0?auto=format&fit=crop&w=800&h=800&q=70|https://images.unsplash.com/photo-1514989940723-e8e51635b782?auto=format&fit=crop&w=800&h=800&q=70|https://images.unsplash.com/photo-1560769629-975ec94e6a86?auto=format&fit=crop&w=800&h=800&q=70|https://images.unsplash.com/photo-1460353581641-37baddab0fa2?auto=format&fit=crop&w=800&h=800&q=70|https://images.unsplash.com/photo-1542291026-7eec264c27ff?auto=format&fit=crop&w=800&h=800&q=70
"Chaussettes Blanches","Paire coton peigné, 36-41, renforts talon et pointe. Pack unitaire.",999,70,https://images.unsplash.com/photo-1514989940723-e8e51635b782?auto=format&fit=crop&w=800&h=800&q=70|https://images.unsplash.com/photo-1560769629-975ec94e6a86?auto=format&fit=crop&w=800&h=800&q=70|https://images.unsplash.com/photo-1460353581641-37baddab0fa2?auto=format&fit=crop&w=800&h=800&q=70|https://images.unsplash.com/photo-1542291026-7eec264c27ff?auto=format&fit=crop&w=800&h=800&q=70|https://images.unsplash.com/photo-1549298916-b41d501d3772?auto=format&fit=crop&w=800&h=800&q=70
"Chaussettes Marines","Paire coton peigné, 36-41, renforts talon et pointe. Pack unitaire.",999,70,https://images.unsplash.com/photo-1560769629-975ec94e6a86?auto=format&fit=crop&w=800&h=800&q=70|https://images.unsplash.com/photo-1460353581641-37baddab0fa2?auto=format&fit=crop&w=800&h=800&q=70|https://images.unsplash.com/photo-1542291026-7eec264c27ff?auto=format&fit=crop&w=800&h=800&q=70|https://images.unsplash.com/photo-1549298916-b41d501d3772?auto=format&fit=crop&w=800&h=800&q=70|https://images.unsplash.com/photo-1582967788606-a171c1080cb0?auto=format&fit=crop&w=800&h=800&q=70
"Chaussettes Rayures","Paire coton peigné, 36-41, renforts talon et pointe. Pack unitaire.",999,70,https://images.unsplash.com/photo-1460353581641-37baddab0fa2?auto=format&fit=crop&w=800&h=800&q=70|https://images.unsplash.com/photo-1542291026-7eec264c27ff?auto=format&fit=crop&w=800&h=800&q=70|https://images.unsplash.com/photo-1549298916-b41d501d3772?auto=format&fit=crop&w=800&h=800&q=70|https://images.unsplash.com/photo-1582967788606-a171c1080cb0?auto=format&fit=crop&w=800&h=800&q=70|https://images.unsplash.com/photo-1514989940723-e8e51635b782?auto=format&fit=crop&w=800&h=800&q=70
"Chaussettes Sauge","Paire coton peigné, 36-41, renforts talon et pointe. Pack unitaire.",999,70,https://images.unsplash.com/photo-1542291026-7eec264c27ff?auto=format&fit=crop&w=800&h=800&q=70|https://images.unsplash.com/photo-1549298916-b41d501d3772?auto=format&fit=crop&w=800&h=800&q=70|https://images.unsplash.com/photo-1582967788606-a171c1080cb0?auto=format&fit=crop&w=800&h=800&q=70|https://images.unsplash.com/photo-1514989940723-e8e51635b782?auto=format&fit=crop&w=800&h=800&q=70|https://images.unsplash.com/photo-1560769629-975ec94e6a86?auto=format&fit=crop&w=800&h=800&q=70
"Chaussettes Terracotta","Paire coton peigné, 36-41, renforts talon et pointe. Pack unitaire.",999,70,https://images.unsplash.com/photo-1549298916-b41d501d3772?auto=format&fit=crop&w=800&h=800&q=70|https://images.unsplash.com/photo-1582967788606-a171c1080cb0?auto=format&fit=crop&w=800&h=800&q=70|https://images.unsplash.com/photo-1514989940723-e8e51635b782?auto=format&fit=crop&w=800&h=800&q=70|https://images.unsplash.com/photo-1560769629-975ec94e6a86?auto=format&fit=crop&w=800&h=800&q=70|https://images.unsplash.com/photo-1460353581641-37baddab0fa2?auto=format&fit=crop&w=800&h=800&q=70
"Coque Clear","Coque iPhone, bords mats, protection antichoc. Découpe précise des boutons.",1899,40,https://images.unsplash.com/photo-1601784551446-20c9e07cdbdb?auto=format&fit=crop&w=800&h=800&q=70|https://images.unsplash.com/photo-1592899677977-9c10ca588bbd?auto=format&fit=crop&w=800&h=800&q=70|https://images.unsplash.com/photo-1511707171634-5f897ff02aa9?auto=format&fit=crop&w=800&h=800&q=70|https://images.unsplash.com/photo-1556656793-08538906a9f8?auto=format&fit=crop&w=800&h=800&q=70|https://images.unsplash.com/photo-1510557880182-3d4d3cba35a5?auto=format&fit=crop&w=800&h=800&q=70
"Coque Noir","Coque iPhone, bords mats, protection antichoc. Découpe précise des boutons.",1899,40,https://images.unsplash.com/photo-1592899677977-9c10ca588bbd?auto=format&fit=crop&w=800&h=800&q=70|https://images.unsplash.com/photo-1511707171634-5f897ff02aa9?auto=format&fit=crop&w=800&h=800&q=70|https://images.unsplash.com/photo-1556656793-08538906a9f8?auto=format&fit=crop&w=800&h=800&q=70|https://images.unsplash.com/photo-1510557880182-3d4d3cba35a5?auto=format&fit=crop&w=800&h=800&q=70|https://images.unsplash.com/photo-1598327105666-5b89351aff97?auto=format&fit=crop&w=800&h=800&q=70
"Coque Sable","Coque iPhone, bords mats, protection antichoc. Découpe précise des boutons.",1899,40,https://images.unsplash.com/photo-1511707171634-5f897ff02aa9?auto=format&fit=crop&w=800&h=800&q=70|https://images.unsplash.com/photo-1556656793-08538906a9f8?auto=format&fit=crop&w=800&h=800&q=70|https://images.unsplash.com/photo-1510557880182-3d4d3cba35a5?auto=format&fit=crop&w=800&h=800&q=70|https://images.unsplash.com/photo-1598327105666-5b89351aff97?auto=format&fit=crop&w=800&h=800&q=70|https://images.unsplash.com/photo-1580910051074-3eb694886505?auto=format&fit=crop&w=800&h=800&q=70
"Coque Lavande","Coque iPhone, bords mats, protection antichoc. Découpe précise des boutons.",1899,40,https://images.unsplash.com/photo-1556656793-08538906a9f8?auto=format&fit=crop&w=800&h=800&q=70|https://images.unsplash.com/photo-1510557880182-3d4d3cba35a5?auto=format&fit=crop&w=800&h=800&q=70|https://images.unsplash.com/photo-1598327105666-5b89351aff97?auto=format&fit=crop&w=800&h=800&q=70|https://images.unsplash.com/photo-1580910051074-3eb694886505?auto=format&fit=crop&w=800&h=800&q=70|https://images.unsplash.com/photo-1601784551446-20c9e07cdbdb?auto=format&fit=crop&w=800&h=800&q=70
"Coque Grid","Coque iPhone, bords mats, protection antichoc. Découpe précise des boutons.",1899,40,https://images.unsplash.com/photo-1510557880182-3d4d3cba35a5?auto=format&fit=crop&w=800&h=800&q=70|https://images.unsplash.com/photo-1598327105666-5b89351aff97?auto=format&fit=crop&w=800&h=800&q=70|https://images.unsplash.com/photo-1580910051074-3eb694886505?auto=format&fit=crop&w=800&h=800&q=70|https://images.unsplash.com/photo-1601784551446-20c9e07cdbdb?auto=format&fit=crop&w=800&h=800&q=70|https://images.unsplash.com/photo-1592899677977-9c10ca588bbd?auto=format&fit=crop&w=800&h=800&q=70
"Coque Wave","Coque iPhone, bords mats, protection antichoc. Découpe précise des boutons.",1899,40,https://images.unsplash.com/photo-1598327105666-5b89351aff97?auto=format&fit=crop&w=800&h=800&q=70|https://images.unsplash.com/photo-1580910051074-3eb694886505?auto=format&fit=crop&w=800&h=800&q=70|https://images.unsplash.com/photo-1601784551446-20c9e07cdbdb?auto=format&fit=crop&w=800&h=800&q=70|https://images.unsplash.com/photo-1592899677977-9c10ca588bbd?auto=format&fit=crop&w=800&h=800&q=70|https://images.unsplash.com/photo-1511707171634-5f897ff02aa9?auto=format&fit=crop&w=800&h=800&q=70
